difficulty,episodes,successes,success_rate,episode_step_mean,score_mean,policy_inference_avg_ms_mean
complex,17,3,0.17647058823529413,2570.5882352941176,0.46422969593721275,11.941176470588236
moderate,39,10,0.2564102564102564,1359.7179487179487,0.4529914550292186,11.992307692307692
simple,64,21,0.328125,781.984375,0.3828125,12.0078125
